meter,Phase,status,Notes
10075387,C,0,Long term verified disconnected
10004608,C,0,Long term verified disconnected
10075081,C,0,Long term verified disconnected
10032703,C,0,Long term verified disconnected
10021551,C,0,Long term verified disconnected
10005124,C,0,Long term verified disconnected
10005075,C,0,Long term verified disconnected
10005660,C,0,Long term verified disconnected
10005998,C,0,Long term verified disconnected
10006613,B,0,Long term verified disconnected
10032567,C,0,Long term verified disconnected
10052953,C,0,Long term verified disconnected
10053742,C,0,Long term verified disconnected
10004139,C,0,Long term verified disconnected
10001868,C,0,Long term verified disconnected
10005309,C,0,Long term verified disconnected
10001954,C,0,Long term verified disconnected
10053707,C,0,Long term verified disconnected
10005209,C,0,Long term verified disconnected
10065210,C,0,Long term verified disconnected
10006942,C,0,Long term verified disconnected
10005916,C,0,Long term verified disconnected
10075418,C,0,Long term verified disconnected
10034363,C,0,Long term verified disconnected
10053676,C,0,Long term verified disconnected
10004694,C,0,Long term verified disconnected
10004176,C,0,Long term verified disconnected
10030919,C,0,Long term verified disconnected
10021402,C,0,Long term verified disconnected
10066140,C,0,Long term verified disconnected
10001582,C,0,Long term verified disconnected
10030187,C,0,Long term verified disconnected
10029358,C,0,Long term verified disconnected
10062244,C,0,Long term verified disconnected
10053073,C,0,Long term verified disconnected
10065922,C,0,Long term verified disconnected
10005784,C,0,Long term verified disconnected
10065559,C,0,Long term verified disconnected
10053777,C,0,Long term verified disconnected
10004061,C,0,Long term verified disconnected
10004526,C,0,Long term verified disconnected
10004583,C,0,Long term verified disconnected
10064226,C,0,Long term verified disconnected
10030003,C,0,Long term verified disconnected
10006221,C,0,Long term verified disconnected
10006309,C,0,Long term verified disconnected
10005343,C,0,Long term verified disconnected
10001395,C,0,Long term verified disconnected
10004157,C,0,Long term verified disconnected
10005081,C,0,Long term verified disconnected
10065737,C,0,Long term verified disconnected
10001355,C,0,Long term verified disconnected
10005564,C,0,Long term verified disconnected
10075271,C,0,Long term verified disconnected
10001593,C,0,Long term verified disconnected
10004172,C,0,Long term verified disconnected
10032766,C,0,Long term verified disconnected
10064422,C,0,Long term verified disconnected
10029812,C,0,Long term verified disconnected
10053860,C,0,Long term verified disconnected
10004789,B,0,Long term verified disconnected
10001508,C,0,Long term verified disconnected
10063946,C,0,Long term verified disconnected
10064483,C,0,Long term verified disconnected
10004153,C,0,Long term verified disconnected
10034404,C,0,Long term verified disconnected
10003800,C,0,Long term verified disconnected
10066544,C,0,Long term verified disconnected
10006477,C,0,Long term verified disconnected
10006600,C,0,Long term verified disconnected
10004871,C,0,Long term verified disconnected
10053463,C,0,Long term verified disconnected
10021411,C,0,Long term verified disconnected
10006908,C,0,Long term verified disconnected
10004737,C,0,Long term verified disconnected
10001529,C,0,Long term verified disconnected
10006974,C,0,Long term verified disconnected
10004174,C,0,Long term verified disconnected
10006857,C,0,Long term verified disconnected
10006910,C,0,Long term verified disconnected
10053331,C,0,Long term verified disconnected
10004616,C,0,Long term verified disconnected
10006553,C,0,Long term verified disconnected
10001523,C,0,Long term verified disconnected
10029722,C,0,Long term verified disconnected
10004129,C,0,Long term verified disconnected
10006360,C,0,Long term verified disconnected
10004039,C,0,Long term verified disconnected
10004523,C,0,Long term verified disconnected
10001427,C,0,Long term verified disconnected
10065155,C,0,Long term verified disconnected
10035728,C,0,Long term verified disconnected
10004816,C,0,Long term verified disconnected
10004814,C,0,Long term verified disconnected
10053367,C,0,Long term verified disconnected
10005820,C,0,Long term verified disconnected
10065021,C,0,Long term verified disconnected
10006642,C,0,Long term verified disconnected
10053122,C,0,Long term verified disconnected
10005854,C,0,Long term verified disconnected
10001321,C,0,Long term verified disconnected
10062276,C,0,Long term verified disconnected
10006366,C,0,Long term verified disconnected
10005008,C,0,Long term verified disconnected
10004644,C,0,Long term verified disconnected
10034378,C,0,Long term verified disconnected
10004223,B,0,Long term verified disconnected
10001862,C,0,Long term verified disconnected
10003616,C,0,Long term verified disconnected
10053290,C,0,Long term verified disconnected
10029507,C,0,Long term verified disconnected
10001955,C,0,Long term verified disconnected
10004486,C,0,Long term verified disconnected
10001448,C,0,Long term verified disconnected
10053291,C,0,Long term verified disconnected
10075157,C,0,Long term verified disconnected
10004055,C,0,Long term verified disconnected
10021397,C,0,Long term verified disconnected
10004688,C,0,Long term verified disconnected
10053609,C,0,Long term verified disconnected
10004603,C,0,Long term verified disconnected
10073261,C,0,Long term verified disconnected
10021477,C,0,Long term verified disconnected
10005970,C,0,Long term verified disconnected
10003823,C,0,Long term verified disconnected
10052496,C,0,Long term verified disconnected
10034356,C,0,Long term verified disconnected
10029961,C,0,Long term verified disconnected
10052929,C,0,Long term verified disconnected
10030540,C,0,Long term verified disconnected
10053123,C,0,Long term verified disconnected
10034376,C,0,Long term verified disconnected
10005192,C,0,Long term verified disconnected
10006462,C,0,Long term verified disconnected
10006915,C,0,Long term verified disconnected
10006911,C,0,Long term verified disconnected
10004590,A,0,Long term verified disconnected
10053576,C,0,Long term verified disconnected
10034388,C,0,Long term verified disconnected
10030294,C,0,Long term verified disconnected
10053086,C,0,Long term verified disconnected
10006253,C,0,Long term verified disconnected
10030707,C,0,Long term verified disconnected
10003623,B,0,Long term verified disconnected
10004334,C,0,Long term verified disconnected
10029434,C,0,Long term verified disconnected
10053371,C,0,Long term verified disconnected
10004584,C,0,Long term verified disconnected
10004488,C,0,Long term verified disconnected
10004185,C,0,Long term verified disconnected
10001436,C,0,Long term verified disconnected
10006205,C,0,Long term verified disconnected
10004886,C,0,Long term verified disconnected
10034396,C,0,Long term verified disconnected
10005415,C,0,Long term verified disconnected
10062354,C,0,Long term verified disconnected
10065802,C,0,Long term verified disconnected
10053489,C,0,Long term verified disconnected
10064498,C,0,Long term verified disconnected
10006229,C,0,Long term verified disconnected
10034450,C,0,Long term verified disconnected
10006497,C,0,Long term verified disconnected
10005396,C,0,Long term verified disconnected
10053797,C,0,Long term verified disconnected
10004178,C,0,Long term verified disconnected
10064419,C,0,Long term verified disconnected
10065142,C,0,Long term verified disconnected
10062015,C,0,Long term verified disconnected
10070868,C,0,Long term verified disconnected
10004495,C,0,Long term verified disconnected
10006140,C,0,Long term verified disconnected
10030815,C,0,Long term verified disconnected
10032763,C,0,Long term verified disconnected
10053052,C,0,Long term verified disconnected
10001756,C,0,Long term verified disconnected
10030924,C,0,Long term verified disconnected
10034433,C,0,Long term verified disconnected
10052956,C,0,Long term verified disconnected
10030820,C,0,Long term verified disconnected
10029347,C,0,Long term verified disconnected
10005584,C,0,Long term verified disconnected
10004840,C,0,Long term verified disconnected
10005142,C,0,Long term verified disconnected
10035694,C,0,Long term verified disconnected
10006912,C,0,Long term verified disconnected
10006887,C,0,Long term verified disconnected
10063984,C,0,Long term verified disconnected
10021494,C,0,Long term verified disconnected
10053670,C,0,Long term verified disconnected
10035677,C,0,Long term verified disconnected
10004070,C,0,Long term verified disconnected
10065165,C,0,Long term verified disconnected
10030322,C,0,Long term verified disconnected
10062230,C,0,Long term verified disconnected
10053106,C,0,Long term verified disconnected
10064224,C,0,Long term verified disconnected
10005943,C,0,Long term verified disconnected
10006834,C,0,Long term verified disconnected
10029925,C,0,Long term verified disconnected
10053225,C,0,Long term verified disconnected
10005103,C,0,Long term verified disconnected
10032899,C,0,Long term verified disconnected
10052655,C,0,Long term verified disconnected
10062277,C,0,Long term verified disconnected
10004558,C,0,Long term verified disconnected
10001540,C,0,Long term verified disconnected
10063973,C,0,Long term verified disconnected
10006913,C,0,Long term verified disconnected
10030213,C,0,Long term verified disconnected
10004559,C,0,Long term verified disconnected
10021447,C,0,Long term verified disconnected
10021450,C,0,Long term verified disconnected
10005933,C,0,Long term verified disconnected
10006940,C,0,Long term verified disconnected
10005366,C,0,Long term verified disconnected
10001483,C,0,Long term verified disconnected
10006916,C,0,Long term verified disconnected
10032659,C,0,Long term verified disconnected
10030371,C,0,Long term verified disconnected
10006038,C,0,Long term verified disconnected
10065585,C,0,Long term verified disconnected
10001913,C,0,Long term verified disconnected
10029902,C,0,Long term verified disconnected
10032760,C,0,Long term verified disconnected
10053774,C,0,Long term verified disconnected
10021497,C,0,Long term verified disconnected
10062073,C,0,Long term verified disconnected
10053970,C,0,Long term verified disconnected
10053461,C,0,Long term verified disconnected
10052374,C,0,Long term verified disconnected
10052978,C,0,Long term verified disconnected
10066400,C,0,Long term verified disconnected
10029880,C,0,Long term verified disconnected
10005548,C,0,Long term verified disconnected
10052748,C,0,Long term verified disconnected
10053053,C,0,Long term verified disconnected
10062229,C,0,Long term verified disconnected
10032911,C,0,Long term verified disconnected
10021546,C,0,Long term verified disconnected
10006232,C,0,Long term verified disconnected
10030489,C,0,Long term verified disconnected
10035700,C,0,Long term verified disconnected
10004114,C,0,Long term verified disconnected
10064075,C,0,Long term verified disconnected
10066301,C,0,Long term verified disconnected
10053447,C,0,Long term verified disconnected
10053914,C,0,Long term verified disconnected
10065849,C,0,Long term verified disconnected
10006545,C,0,Long term verified disconnected
10029366,C,0,Long term verified disconnected
10062227,C,0,Long term verified disconnected
10029745,C,0,Long term verified disconnected
10006206,C,0,Long term verified disconnected
10004944,C,0,Long term verified disconnected
10035730,C,0,Long term verified disconnected
10005296,C,0,Long term verified disconnected
10021618,C,0,Long term verified disconnected
10034441,C,0,Long term verified disconnected
10006107,C,0,Long term verified disconnected
10021540,C,0,Long term verified disconnected
10062164,C,0,Long term verified disconnected
10004717,C,0,Long term verified disconnected
10003728,C,0,Long term verified disconnected
10064353,C,0,Long term verified disconnected
10005280,C,0,Long term verified disconnected
10052526,C,0,Long term verified disconnected
10066685,C,0,Long term verified disconnected
10053762,C,0,Long term verified disconnected
10052439,C,0,Long term verified disconnected
10004338,C,0,Long term verified disconnected
10005153,C,0,Long term verified disconnected
10068383,C,0,Long term verified disconnected
10004208,C,0,Long term verified disconnected
10005367,C,0,Long term verified disconnected
10064477,C,0,Long term verified disconnected
10006463,C,0,Long term verified disconnected
10032890,C,0,Long term verified disconnected
10006303,C,0,Long term verified disconnected
10004123,C,0,Long term verified disconnected
10053272,C,0,Long term verified disconnected
10005243,C,0,Long term verified disconnected
10006938,C,0,Long term verified disconnected
10063928,C,0,Long term verified disconnected
10006633,C,0,Long term verified disconnected
10066268,C,0,Long term verified disconnected
10053470,C,0,Long term verified disconnected
10029538,C,0,Long term verified disconnected
10063960,C,0,Long term verified disconnected
10004213,C,0,Long term verified disconnected
10066550,C,0,Long term verified disconnected
10030246,C,0,Long term verified disconnected
10053614,C,0,Long term verified disconnected
10063980,C,0,Long term verified disconnected
10030116,C,0,Long term verified disconnected
10005010,C,0,Long term verified disconnected
10030099,C,0,Long term verified disconnected
10004872,C,0,Long term verified disconnected
10030438,C,0,Long term verified disconnected
10004302,C,0,Long term verified disconnected
10052379,C,0,Long term verified disconnected
10005633,C,0,Long term verified disconnected
10064142,C,0,Long term verified disconnected
10065944,C,0,Long term verified disconnected
10034373,C,0,Long term verified disconnected
10053102,C,0,Long term verified disconnected
10004212,B,0,Long term verified disconnected
10029641,C,0,Long term verified disconnected
10021428,C,0,Long term verified disconnected
10035879,C,0,Long term verified disconnected
10004529,C,0,Long term verified disconnected
10052983,C,0,Long term verified disconnected
10006668,C,0,Long term verified disconnected
10065512,C,0,Long term verified disconnected
10006945,C,0,Long term verified disconnected
10034358,C,0,Long term verified disconnected
10005812,B,0,Long term verified disconnected
10005812,C,0,Long term verified disconnected
10053313,C,0,Long term verified disconnected
10001365,C,0,Long term verified disconnected
10066041,C,0,Long term verified disconnected
10004143,C,0,Long term verified disconnected
10004987,C,0,Long term verified disconnected
10053021,C,0,Long term verified disconnected
10071042,C,0,Long term verified disconnected
10066194,C,0,Long term verified disconnected
10062254,C,0,Long term verified disconnected
10052975,C,0,Long term verified disconnected
10053179,C,0,Long term verified disconnected
10052581,C,0,Long term verified disconnected
10006548,C,0,Long term verified disconnected
10029323,C,0,Long term verified disconnected
10052702,C,0,Long term verified disconnected
10066298,C,0,Long term verified disconnected
10004605,C,0,Long term verified disconnected
10030652,C,0,Long term verified disconnected
10005380,C,0,Long term verified disconnected
10004390,C,0,Long term verified disconnected
10005763,C,0,Long term verified disconnected
10006867,C,0,Long term verified disconnected
10004080,C,0,Long term verified disconnected
10030051,C,0,Long term verified disconnected
10066599,C,0,Long term verified disconnected
10053769,C,0,Long term verified disconnected
10005216,C,0,Long term verified disconnected
10005458,C,0,Long term verified disconnected
10053131,C,0,Long term verified disconnected
10065353,C,0,Long term verified disconnected
10021585,C,0,Long term verified disconnected
10005931,C,0,Long term verified disconnected
10034449,C,0,Long term verified disconnected
10005877,C,0,Long term verified disconnected
10053262,C,0,Long term verified disconnected
10062159,C,0,Long term verified disconnected
10004066,C,0,Long term verified disconnected
10053444,C,0,Long term verified disconnected
10004107,C,0,Long term verified disconnected
10053717,C,0,Long term verified disconnected
10004612,C,0,Long term verified disconnected
10053812,C,0,Long term verified disconnected
10064077,C,0,Long term verified disconnected
10066050,B,0,Long term verified disconnected
10066050,C,0,Long term verified disconnected
10006919,C,0,Long term verified disconnected
10075207,C,0,Long term verified disconnected
10005463,C,0,Long term verified disconnected
10053651,C,0,Long term verified disconnected
10004525,C,0,Long term verified disconnected
10004057,C,0,Long term verified disconnected
10005379,C,0,Long term verified disconnected
10004662,C,0,Long term verified disconnected
10003611,B,0,Long term verified disconnected
10004659,C,0,Long term verified disconnected
10053772,C,0,Long term verified disconnected
10005942,C,0,Long term verified disconnected
10053462,C,0,Long term verified disconnected
10065040,C,0,Long term verified disconnected
10005921,C,0,Long term verified disconnected
10034446,C,0,Long term verified disconnected
10073056,C,0,Long term verified disconnected
10065544,C,0,Long term verified disconnected
10053728,C,0,Long term verified disconnected
10053130,C,0,Long term verified disconnected
10006183,C,0,Long term verified disconnected
10005744,C,0,Long term verified disconnected
10052673,C,0,Long term verified disconnected
10004106,C,0,Long term verified disconnected
10063871,C,0,Long term verified disconnected
10062155,C,0,Long term verified disconnected
10053067,C,0,Long term verified disconnected
10065489,C,0,Long term verified disconnected
10004581,C,0,Long term verified disconnected
10052422,C,0,Long term verified disconnected
10065160,C,0,Long term verified disconnected
10004723,C,0,Long term verified disconnected
10053170,C,0,Long term verified disconnected
10034379,C,0,Long term verified disconnected
10053071,C,0,Long term verified disconnected
10006113,C,0,Long term verified disconnected
10004189,C,0,Long term verified disconnected
10062070,C,0,Long term verified disconnected
10004085,C,0,Long term verified disconnected
10004517,C,0,Long term verified disconnected
10004984,C,0,Long term verified disconnected
10006155,C,0,Long term verified disconnected
10006536,C,0,Long term verified disconnected
10030206,C,0,Long term verified disconnected
10053068,C,0,Long term verified disconnected
10004432,C,0,Long term verified disconnected
10065870,C,0,Long term verified disconnected
10004652,C,0,Long term verified disconnected
10004328,C,0,Long term verified disconnected
10064305,C,0,Long term verified disconnected
10003678,C,0,Long term verified disconnected
10052626,C,0,Long term verified disconnected
10066258,C,0,Long term verified disconnected
10066306,C,0,Long term verified disconnected
10006425,C,0,Long term verified disconnected
10066512,C,0,Long term verified disconnected
10065481,B,0,Long term verified disconnected
10065481,C,0,Long term verified disconnected
10064146,C,0,Long term verified disconnected
10064274,C,0,Long term verified disconnected
10004648,C,0,Long term verified disconnected
10065498,C,0,Long term verified disconnected
10005944,C,0,Long term verified disconnected
10065499,C,0,Long term verified disconnected
10065761,C,0,Long term verified disconnected
10003754,C,0,Long term verified disconnected
10066242,C,0,Long term verified disconnected
10005298,C,0,Long term verified disconnected
10066253,C,0,Long term verified disconnected
10065810,C,0,Long term verified disconnected
10065705,C,0,Long term verified disconnected
10065497,C,0,Long term verified disconnected
10064366,C,0,Long term verified disconnected
10065776,C,0,Long term verified disconnected
10032704,C,0,Long term verified disconnected
10029449,C,0,Long term verified disconnected
10029472,C,0,Long term verified disconnected
10030432,C,0,Long term verified disconnected
10067644,C,0,Long term verified disconnected
10067775,C,0,Long term verified disconnected
10006968,C,0,Long term verified disconnected
10068325,C,0,Long term verified disconnected
10067875,C,0,Long term verified disconnected
10032855,C,0,Long term verified disconnected
10066553,C,0,Long term verified disconnected
10065295,C,0,Long term verified disconnected
10068436,C,0,Long term verified disconnected
10068317,C,0,Long term verified disconnected
10067894,C,0,Long term verified disconnected
10068445,C,0,Long term verified disconnected
10067730,C,0,Long term verified disconnected
10068298,C,0,Long term verified disconnected
10068243,C,0,Long term verified disconnected
10068246,C,0,Long term verified disconnected
10068214,C,0,Long term verified disconnected
10005907,C,0,Long term verified disconnected
10004258,C,0,Long term verified disconnected
10067796,C,0,Long term verified disconnected
10067688,C,0,Long term verified disconnected
10063994,C,0,Long term verified disconnected
10052433,C,0,Long term verified disconnected
10069315,C,0,Long term verified disconnected
10006356,C,0,Long term verified disconnected
10005350,B,0,Long term verified disconnected
10005350,C,0,Long term verified disconnected
10068435,C,0,Long term verified disconnected
10068164,C,0,Long term verified disconnected
10068240,C,0,Long term verified disconnected
10005516,C,0,Long term verified disconnected
10005495,C,0,Long term verified disconnected
10066649,C,0,Long term verified disconnected
10066632,C,0,Long term verified disconnected
10068237,C,0,Long term verified disconnected
10068310,C,0,Long term verified disconnected
10021604,C,0,Long term verified disconnected
10005282,C,0,Long term verified disconnected
10067918,C,0,Long term verified disconnected
10052404,C,0,Long term verified disconnected
10067942,C,0,Long term verified disconnected
10005449,C,0,Long term verified disconnected
10004996,C,0,Long term verified disconnected
10068381,C,0,Long term verified disconnected
10067905,C,0,Long term verified disconnected
10068287,C,0,Long term verified disconnected
10001640,C,0,Long term verified disconnected
10067909,C,0,Long term verified disconnected
10004360,C,0,Long term verified disconnected
10067763,C,0,Long term verified disconnected
10069201,C,0,Long term verified disconnected
10067924,C,0,Long term verified disconnected
10067740,C,0,Long term verified disconnected
10068307,C,0,Long term verified disconnected
10067709,C,0,Long term verified disconnected
10068437,C,0,Long term verified disconnected
10067720,C,0,Long term verified disconnected
10068335,C,0,Long term verified disconnected
10068297,C,0,Long term verified disconnected
10068793,C,0,Long term verified disconnected
10068408,C,0,Long term verified disconnected
10067670,C,0,Long term verified disconnected
10068220,C,0,Long term verified disconnected
10067721,C,0,Long term verified disconnected
10067710,C,0,Long term verified disconnected
10068221,C,0,Long term verified disconnected
10068426,C,0,Long term verified disconnected
10069328,C,0,Long term verified disconnected
10069173,C,0,Long term verified disconnected
10068314,C,0,Long term verified disconnected
10068404,C,0,Long term verified disconnected
10067823,C,0,Long term verified disconnected
10068449,C,0,Long term verified disconnected
10068296,C,0,Long term verified disconnected
10069363,C,0,Long term verified disconnected
10069240,C,0,Long term verified disconnected
10068778,C,0,Long term verified disconnected
10068365,C,0,Long term verified disconnected
10068170,C,0,Long term verified disconnected
10004870,C,0,Long term verified disconnected
10068783,C,0,Long term verified disconnected
10069365,C,0,Long term verified disconnected
10068450,C,0,Long term verified disconnected
10069301,C,0,Long term verified disconnected
10065974,C,0,Long term verified disconnected
10069265,C,0,Long term verified disconnected
10070879,C,0,Long term verified disconnected
10069198,C,0,Long term verified disconnected
10068771,C,0,Long term verified disconnected
10070746,C,0,Long term verified disconnected
10069239,C,0,Long term verified disconnected
10021613,C,0,Long term verified disconnected
10069212,A,0,Long term verified disconnected
10070620,C,0,Long term verified disconnected
10070720,C,0,Long term verified disconnected
10070648,C,0,Long term verified disconnected
10071154,C,0,Long term verified disconnected
10069178,C,0,Long term verified disconnected
10070898,C,0,Long term verified disconnected
10066653,C,0,Long term verified disconnected
10070732,C,0,Long term verified disconnected
10070867,C,0,Long term verified disconnected
10070616,C,0,Long term verified disconnected
10070617,C,0,Long term verified disconnected
10070630,C,0,Long term verified disconnected
10071111,C,0,Long term verified disconnected
10073215,C,0,Long term verified disconnected
10070671,C,0,Long term verified disconnected
10071157,C,0,Long term verified disconnected
10070737,C,0,Long term verified disconnected
10070816,C,0,Long term verified disconnected
10071051,C,0,Long term verified disconnected
10073273,C,0,Long term verified disconnected
10071094,C,0,Long term verified disconnected
10071086,C,0,Long term verified disconnected
10071088,C,0,Long term verified disconnected
10071050,C,0,Long term verified disconnected
10073767,C,0,Long term verified disconnected
10070926,C,0,Long term verified disconnected
10071124,C,0,Long term verified disconnected
10070924,C,0,Long term verified disconnected
10071001,C,0,Long term verified disconnected
10073769,C,0,Long term verified disconnected
10070663,C,0,Long term verified disconnected
10073168,C,0,Long term verified disconnected
10073090,C,0,Long term verified disconnected
10071013,C,0,Long term verified disconnected
10070925,C,0,Long term verified disconnected
10073751,C,0,Long term verified disconnected
10070910,C,0,Long term verified disconnected
10073253,C,0,Long term verified disconnected
10071004,C,0,Long term verified disconnected
10070934,C,0,Long term verified disconnected
10073249,C,0,Long term verified disconnected
10073267,C,0,Long term verified disconnected
10073214,C,0,Long term verified disconnected
10070907,C,0,Long term verified disconnected
10073224,C,0,Long term verified disconnected
10073148,C,0,Long term verified disconnected
10073260,C,0,Long term verified disconnected
10073183,C,0,Long term verified disconnected
10073002,C,0,Long term verified disconnected
10075202,C,0,Long term verified disconnected
10073151,C,0,Long term verified disconnected
10073153,C,0,Long term verified disconnected
10070949,C,0,Long term verified disconnected
10071016,C,0,Long term verified disconnected
10073005,C,0,Long term verified disconnected
10073200,C,0,Long term verified disconnected
10073778,C,0,Long term verified disconnected
10073276,C,0,Long term verified disconnected
10073127,C,0,Long term verified disconnected
10073193,C,0,Long term verified disconnected
10073279,C,0,Long term verified disconnected
10062125,C,0,Long term verified disconnected
10075478,C,0,Long term verified disconnected
10035818,C,0,Long term verified disconnected
10073038,C,0,Long term verified disconnected
10073032,C,0,Long term verified disconnected
10075238,C,0,Long term verified disconnected
10073749,C,0,Long term verified disconnected
10073068,C,0,Long term verified disconnected
10052567,C,0,Long term verified disconnected
10073212,C,0,Long term verified disconnected
10073037,C,0,Long term verified disconnected
10075501,C,0,Long term verified disconnected
10029608,C,0,Long term verified disconnected
10075091,C,0,Long term verified disconnected
10073104,C,0,Long term verified disconnected
10005238,C,0,Long term verified disconnected
10004154,C,0,Long term verified disconnected
10029864,C,0,Long term verified disconnected
10066383,C,0,Long term verified disconnected
10075479,C,0,Long term verified disconnected
10075093,C,0,Long term verified disconnected
10075337,C,0,Long term verified disconnected
10075570,C,0,Long term verified disconnected
10075553,C,0,Long term verified disconnected
10075173,C,0,Long term verified disconnected
10075187,C,0,Long term verified disconnected
10075551,C,0,Long term verified disconnected
10075427,C,0,Long term verified disconnected
10075139,C,0,Long term verified disconnected
10075136,C,0,Long term verified disconnected
10075422,C,0,Long term verified disconnected
10075311,C,0,Long term verified disconnected
10075311,B,0,Long term verified disconnected
10005146,C,0,Long term verified disconnected
10006476,C,0,Long term verified disconnected
10066249,C,0,Long term verified disconnected
10005023,C,0,Long term verified disconnected
10053004,C,0,Long term verified disconnected
10064313,C,0,Long term verified disconnected
10004450,C,0,Long term verified disconnected
10005599,C,0,Long term verified disconnected
10068366,C,0,Long term verified disconnected
10064316,C,0,Long term verified disconnected
10052997,C,0,Long term verified disconnected
10052930,C,0,Long term verified disconnected
10005331,C,0,Long term verified disconnected
10053791,C,0,Long term verified disconnected
10053550,A,0,Long term verified disconnected
10006917,C,0,Long term verified disconnected
10065858,C,0,Long term verified disconnected
10032492,C,0,Long term verified disconnected
10032493,C,0,Long term verified disconnected
10064354,C,0,Long term verified disconnected
10006117,C,0,Long term verified disconnected
10004367,C,0,Long term verified disconnected
10032440,C,0,Long term verified disconnected
10005760,C,0,Long term verified disconnected
10001295,C,0,Long term verified disconnected
10006503,C,0,Long term verified disconnected
10001303,C,0,Long term verified disconnected
10067916,C,0,Long term verified disconnected
10001853,C,0,Long term verified disconnected
10001838,C,0,Long term verified disconnected
10066184,C,0,Long term verified disconnected
10001628,C,0,Long term verified disconnected
10075243,C,0,Long term verified disconnected
10001850,C,0,Long term verified disconnected
10001847,C,0,Long term verified disconnected
10001809,C,0,Long term verified disconnected
10001831,C,0,Long term verified disconnected
10001832,C,0,Long term verified disconnected
10001851,C,0,Long term verified disconnected
10001886,C,0,Long term verified disconnected
10003869,C,0,Long term verified disconnected
10005030,C,0,Long term verified disconnected
10001800,C,0,Long term verified disconnected
10001781,C,0,Long term verified disconnected
10030708,C,0,Long term verified disconnected
10070623,C,0,Long term verified disconnected
10030950,C,0,Long term verified disconnected
10003806,C,0,Long term verified disconnected
10005448,C,0,Long term verified disconnected
10003866,C,0,Long term verified disconnected
10003867,C,0,Long term verified disconnected
10032661,C,0,Long term verified disconnected
10003825,C,0,Long term verified disconnected
10001558,C,0,Long term verified disconnected
10001634,C,0,Long term verified disconnected
10003817,C,0,Long term verified disconnected
10001578,B,0,Long term verified disconnected
10001578,C,0,Long term verified disconnected
10029820,C,0,Long term verified disconnected
10004215,C,0,Long term verified disconnected
10005712,C,0,Long term verified disconnected
10006858,C,0,Long term verified disconnected
10005233,C,0,Long term verified disconnected
10005229,C,0,Long term verified disconnected
10004087,C,0,Long term verified disconnected
10005121,C,0,Long term verified disconnected
10005420,C,0,Long term verified disconnected
10034430,C,0,Long term verified disconnected
10021464,C,0,Long term verified disconnected
10021508,C,0,Long term verified disconnected
10065939,C,0,Long term verified disconnected
10021404,C,0,Long term verified disconnected
10021409,C,0,Long term verified disconnected
10003774,C,0,Long term verified disconnected
10005224,C,0,Long term verified disconnected
10005214,C,0,Long term verified disconnected
10005997,C,0,Long term verified disconnected
10021408,C,0,Long term verified disconnected
10021419,C,0,Long term verified disconnected
10004269,C,0,Long term verified disconnected
10021435,C,0,Long term verified disconnected
10021512,C,0,Long term verified disconnected
10005425,C,0,Long term verified disconnected
10004282,C,0,Long term verified disconnected
10004285,C,0,Long term verified disconnected
10004284,C,0,Long term verified disconnected
10003776,C,0,Long term verified disconnected
10065863,C,0,Long term verified disconnected
10006761,C,0,Long term verified disconnected
10005230,C,0,Long term verified disconnected
10021429,C,0,Long term verified disconnected
10021426,C,0,Long term verified disconnected
10005232,C,0,Long term verified disconnected
10006496,C,0,Long term verified disconnected
10068459,C,0,Long term verified disconnected
10004398,C,0,Long term verified disconnected
10069316,C,0,Long term verified disconnected
10021424,C,0,Long term verified disconnected
10004435,C,0,Long term verified disconnected
10004246,C,0,Long term verified disconnected
10005083,C,0,Long term verified disconnected
10004538,C,0,Long term verified disconnected
10004781,C,0,Long term verified disconnected
10030112,C,0,Long term verified disconnected
10035718,C,0,Long term verified disconnected
10069387,C,0,Long term verified disconnected
10005771,C,0,Long term verified disconnected
10004425,C,0,Long term verified disconnected
10030576,C,0,Long term verified disconnected
10032537,B,0,Long term verified disconnected
10032537,C,0,Long term verified disconnected
10032486,C,0,Long term verified disconnected
10032539,C,0,Long term verified disconnected
10021597,C,0,Long term verified disconnected
10032487,C,0,Long term verified disconnected
10032489,C,0,Long term verified disconnected
10032438,C,0,Long term verified disconnected
10069115,C,0,Long term verified disconnected
10004994,C,0,Long term verified disconnected
10032481,C,0,Long term verified disconnected
10066453,C,0,Long term verified disconnected
10065122,C,0,Long term verified disconnected
10065242,C,0,Long term verified disconnected
10004315,C,0,Long term verified disconnected
10029326,C,0,Long term verified disconnected
10030531,C,0,Long term verified disconnected
10005263,C,0,Long term verified disconnected
10065321,C,0,Long term verified disconnected
10065275,C,0,Long term verified disconnected
10070811,C,0,Long term verified disconnected
10065341,C,0,Long term verified disconnected
10035714,C,0,Long term verified disconnected
10007003,C,0,Long term verified disconnected
10029386,C,0,Long term verified disconnected
10006861,C,0,Long term verified disconnected
10065356,C,0,Long term verified disconnected
10065274,C,0,Long term verified disconnected
10066267,C,0,Long term verified disconnected
10006464,C,0,Long term verified disconnected
10004980,C,0,Long term verified disconnected
10029746,C,0,Long term verified disconnected
10029331,B,0,Long term verified disconnected
10029331,C,0,Long term verified disconnected
10029333,C,0,Long term verified disconnected
10004948,C,0,Long term verified disconnected
10029335,C,0,Long term verified disconnected
10021580,C,0,Long term verified disconnected
10035581,C,0,Long term verified disconnected
10066012,C,0,Long term verified disconnected
10069331,C,0,Long term verified disconnected
10035777,C,0,Long term verified disconnected
10032611,C,0,Long term verified disconnected
10032610,C,0,Long term verified disconnected
10035662,C,0,Long term verified disconnected
10073772,C,0,Long term verified disconnected
10029744,C,0,Long term verified disconnected
10073785,C,0,Long term verified disconnected
10035792,C,0,Long term verified disconnected
10032724,C,0,Long term verified disconnected
10032721,C,0,Long term verified disconnected
10029348,C,0,Long term verified disconnected
10029403,C,0,Long term verified disconnected
10021594,A,0,Long term verified disconnected
10021594,C,0,Long term verified disconnected
10021571,C,0,Long term verified disconnected
10021611,C,0,Long term verified disconnected
10035723,C,0,Long term verified disconnected
10032563,C,0,Long term verified disconnected
10032558,B,0,Long term verified disconnected
10032558,C,0,Long term verified disconnected
10032559,C,0,Long term verified disconnected
10032561,C,0,Long term verified disconnected
10032560,C,0,Long term verified disconnected
10032562,C,0,Long term verified disconnected
10032683,C,0,Long term verified disconnected
10032692,C,0,Long term verified disconnected
10030932,C,0,Long term verified disconnected
10029748,C,0,Long term verified disconnected
10035774,C,0,Long term verified disconnected
10029652,C,0,Long term verified disconnected
10065999,C,0,Long term verified disconnected
10021566,C,0,Long term verified disconnected
10030523,C,0,Long term verified disconnected
10032725,C,0,Long term verified disconnected
10073064,C,0,Long term verified disconnected
10032432,C,0,Long term verified disconnected
10032435,C,0,Long term verified disconnected
10030787,C,0,Long term verified disconnected
10032518,C,0,Long term verified disconnected
10029395,C,0,Long term verified disconnected
10035541,C,0,Long term verified disconnected
10035542,C,0,Long term verified disconnected
10032545,C,0,Long term verified disconnected
10029379,C,0,Long term verified disconnected
10001378,C,0,Long term verified disconnected
10062087,C,0,Long term verified disconnected
10071058,C,0,Long term verified disconnected
10053937,C,0,Long term verified disconnected
10062095,C,0,Long term verified disconnected
10075266,C,0,Long term verified disconnected
10032695,C,0,Long term verified disconnected
10052603,C,0,Long term verified disconnected
10053387,C,0,Long term verified disconnected
10067653,C,0,Long term verified disconnected
10001957,C,0,Long term verified disconnected
10062356,C,0,Long term verified disconnected
10035749,C,0,Long term verified disconnected
10062324,C,0,Long term verified disconnected
10001318,C,0,Long term verified disconnected
10053310,C,0,Long term verified disconnected
10001459,C,0,Long term verified disconnected
10032740,C,0,Long term verified disconnected
10032646,C,0,Long term verified disconnected
10075435,C,0,Long term verified disconnected
10029983,C,0,Long term verified disconnected
10032636,C,0,Long term verified disconnected
10030717,C,0,Long term verified disconnected
10029634,C,0,Long term verified disconnected
10030683,C,0,Long term verified disconnected
10030667,C,0,Long term verified disconnected
10029630,C,0,Long term verified disconnected
10032643,C,0,Long term verified disconnected
10030666,C,0,Long term verified disconnected
10032742,C,0,Long term verified disconnected
10032629,C,0,Long term verified disconnected
10032741,C,0,Long term verified disconnected
10032638,C,0,Long term verified disconnected
10032639,C,0,Long term verified disconnected
10032647,C,0,Long term verified disconnected
10032644,C,0,Long term verified disconnected
10032642,C,0,Long term verified disconnected
10035805,C,0,Long term verified disconnected
10030464,C,0,Long term verified disconnected
10032640,C,0,Long term verified disconnected
10035573,C,0,Long term verified disconnected
10066281,C,0,Long term verified disconnected
10032621,C,0,Long term verified disconnected
10030612,C,0,Long term verified disconnected
10030469,C,0,Long term verified disconnected
10069216,C,0,Long term verified disconnected
10004972,C,0,Long term verified disconnected
10004569,B,0,Long term verified disconnected
10004618,B,0,Long term verified disconnected
10029718,C,0,Long term verified disconnected
10066487,C,0,Long term verified disconnected
10006150,C,0,Long term verified disconnected
10075558,C,0,Long term verified disconnected
10029491,C,0,Long term verified disconnected
10069314,C,0,Long term verified disconnected
10030039,C,0,Long term verified disconnected
10029729,C,0,Long term verified disconnected
10029574,C,0,Long term verified disconnected
10029573,C,0,Long term verified disconnected
10004196,B,0,Long term verified disconnected
10004568,B,0,Long term verified disconnected
10030046,C,0,Long term verified disconnected
10069390,C,0,Long term verified disconnected
10029715,C,0,Long term verified disconnected
10030347,C,0,Long term verified disconnected
10004705,C,0,Long term verified disconnected
10004704,C,0,Long term verified disconnected
10004703,C,0,Long term verified disconnected
10004702,C,0,Long term verified disconnected
10029793,C,0,Long term verified disconnected
10069112,C,0,Long term verified disconnected
10065511,C,0,Long term verified disconnected
10030419,C,0,Long term verified disconnected
10066166,C,0,Long term verified disconnected
10075213,C,0,Long term verified disconnected
10066088,B,0,Long term verified disconnected
10075315,C,0,Long term verified disconnected
10035528,A,0,Long term verified disconnected
10035528,B,0,Long term verified disconnected
10065406,C,0,Long term verified disconnected
10030917,C,0,Long term verified disconnected
10029378,C,0,Long term verified disconnected
10030713,C,0,Long term verified disconnected
10030459,A,0,Long term verified disconnected
10066238,C,0,Long term verified disconnected
10066096,C,0,Long term verified disconnected
10035667,C,0,Long term verified disconnected
10070960,C,0,Long term verified disconnected
10029757,C,0,Long term verified disconnected
10030529,C,0,Long term verified disconnected
10030439,C,0,Long term verified disconnected
10065606,C,0,Long term verified disconnected
10030437,C,0,Long term verified disconnected
10030887,C,0,Long term verified disconnected
10065542,C,0,Long term verified disconnected
10065663,C,0,Long term verified disconnected
10035648,C,0,Long term verified disconnected
10032589,C,0,Long term verified disconnected
10035651,C,0,Long term verified disconnected
10035586,C,0,Long term verified disconnected
10035592,C,0,Long term verified disconnected
10030840,C,0,Long term verified disconnected
10069122,C,0,Long term verified disconnected
10001691,C,0,Long term verified disconnected
10001643,C,0,Long term verified disconnected
10069372,C,0,Long term verified disconnected
10075327,B,0,Long term verified disconnected
10065428,C,0,Long term verified disconnected
10005523,C,0,Long term verified disconnected
10064152,C,0,Long term verified disconnected
10063891,C,0,Long term verified disconnected
10065072,B,0,Long term verified disconnected
10065072,C,0,Long term verified disconnected
10065896,B,0,Long term verified disconnected
10001930,C,0,Long term verified disconnected
10075409,C,0,Long term verified disconnected
10065372,C,0,Long term verified disconnected
10021514,C,0,Long term verified disconnected
10032483,C,0,Long term verified disconnected
10032484,C,0,Long term verified disconnected
10032482,C,0,Long term verified disconnected
10035740,C,0,Long term verified disconnected
10029646,C,0,Long term verified disconnected
10005658,C,0,Long term verified disconnected
10065751,B,0,Long term verified disconnected
10065751,C,0,Long term verified disconnected
10065784,C,0,Long term verified disconnected
10066174,C,0,Long term verified disconnected
10066177,C,0,Long term verified disconnected
10066176,C,0,Long term verified disconnected
10075373,C,0,Long term verified disconnected
10004036,C,0,Long term verified disconnected
10006161,C,0,Long term verified disconnected
10006588,C,0,Long term verified disconnected
10004700,C,0,Long term verified disconnected
10004939,B,0,Long term verified disconnected
10066125,B,0,Long term verified disconnected
10066127,B,0,Long term verified disconnected
10067869,C,0,Long term verified disconnected
10004768,C,0,Long term verified disconnected
10004572,B,0,Long term verified disconnected
10006188,C,0,Long term verified disconnected
10004105,B,0,Long term verified disconnected
10006266,B,0,Long term verified disconnected
10006267,B,0,Long term verified disconnected
10004892,C,0,Long term verified disconnected
10004859,C,0,Long term verified disconnected
10004771,C,0,Long term verified disconnected
10006285,C,0,Long term verified disconnected
10004692,C,0,Long term verified disconnected
10006153,C,0,Long term verified disconnected
10075069,C,0,Long term verified disconnected
10004194,C,0,Long term verified disconnected
10004793,C,0,Long term verified disconnected
10004137,C,0,Long term verified disconnected
10004023,C,0,Long term verified disconnected
10005995,C,0,Long term verified disconnected
10004901,C,0,Long term verified disconnected
10006835,C,0,Long term verified disconnected
10004835,C,0,Long term verified disconnected
10004786,C,0,Long term verified disconnected
10006227,C,0,Long term verified disconnected
10004226,C,0,Long term verified disconnected
10004697,C,0,Long term verified disconnected
10004698,C,0,Long term verified disconnected
10006201,C,0,Long term verified disconnected
10004896,C,0,Long term verified disconnected
10006413,C,0,Long term verified disconnected
10004722,B,0,Long term verified disconnected
10006847,B,0,Long term verified disconnected
10006521,C,0,Long term verified disconnected
10005991,C,0,Long term verified disconnected
10004895,C,0,Long term verified disconnected
10068463,C,0,Long term verified disconnected
10004467,B,0,Long term verified disconnected
10004101,C,0,Long term verified disconnected
10062076,C,0,Long term verified disconnected
10004674,C,0,Long term verified disconnected
10004471,B,0,Long term verified disconnected
10006697,C,0,Long term verified disconnected
10004767,B,0,Long term verified disconnected
10006601,B,0,Long term verified disconnected
10066431,C,0,Long term verified disconnected
10006604,C,0,Long term verified disconnected
10004821,B,0,Long term verified disconnected
10021471,C,0,Long term verified disconnected
10003668,C,0,Long term verified disconnected
10006792,C,0,Long term verified disconnected
10006941,C,0,Long term verified disconnected
10004307,C,0,Long term verified disconnected
10006607,C,0,Long term verified disconnected
10006943,C,0,Long term verified disconnected
10006791,C,0,Long term verified disconnected
10006690,C,0,Long term verified disconnected
10006798,C,0,Long term verified disconnected
10006808,C,0,Long term verified disconnected
10004418,C,0,Long term verified disconnected
10021522,C,0,Long term verified disconnected
10006948,C,0,Long term verified disconnected
10006950,C,0,Long term verified disconnected
10069177,C,0,Long term verified disconnected
10006694,C,0,Long term verified disconnected
10068261,C,0,Long term verified disconnected
10006722,C,0,Long term verified disconnected
10021518,C,0,Long term verified disconnected
10006952,C,0,Long term verified disconnected
10069382,C,0,Long term verified disconnected
10006930,C,0,Long term verified disconnected
10006693,C,0,Long term verified disconnected
10067719,C,0,Long term verified disconnected
10006893,C,0,Long term verified disconnected
10006692,C,0,Long term verified disconnected
10066222,C,0,Long term verified disconnected
10006709,C,0,Long term verified disconnected
10006724,C,0,Long term verified disconnected
10006992,C,0,Long term verified disconnected
10006907,C,0,Long term verified disconnected
10004387,C,0,Long term verified disconnected
10003840,C,0,Long term verified disconnected
10003641,C,0,Long term verified disconnected
10006805,C,0,Long term verified disconnected
10005742,C,0,Long term verified disconnected
10006813,C,0,Long term verified disconnected
10006807,C,0,Long term verified disconnected
10006894,C,0,Long term verified disconnected
10075107,C,0,Long term verified disconnected
10006803,C,0,Long term verified disconnected
10004110,B,0,Long term verified disconnected
10004110,C,0,Long term verified disconnected
10004580,C,0,Long term verified disconnected
10004773,C,0,Long term verified disconnected
10004899,C,0,Long term verified disconnected
10006325,C,0,Long term verified disconnected
10006326,C,0,Long term verified disconnected
10069176,C,0,Long term verified disconnected
10070822,C,0,Long term verified disconnected
10006327,C,0,Long term verified disconnected
10003625,C,0,Long term verified disconnected
10003670,C,0,Long term verified disconnected
10003656,C,0,Long term verified disconnected
10003665,C,0,Long term verified disconnected
10006328,B,0,Long term verified disconnected
10003658,C,0,Long term verified disconnected
10003839,B,0,Long term verified disconnected
10006993,C,0,Long term verified disconnected
10006990,C,0,Long term verified disconnected
10003653,C,0,Long term verified disconnected
10004128,C,0,Long term verified disconnected
10006814,C,0,Long term verified disconnected
10006934,C,0,Long term verified disconnected
10006679,C,0,Long term verified disconnected
10005661,C,0,Long term verified disconnected
10006991,A,0,Long term verified disconnected
10006991,B,0,Long term verified disconnected
10075528,C,0,Long term verified disconnected
10073278,C,0,Long term verified disconnected
10006675,C,0,Long term verified disconnected
10005589,C,0,Long term verified disconnected
10005208,C,0,Long term verified disconnected
10001310,C,0,Long term verified disconnected
10068787,C,0,Long term verified disconnected
10053956,C,0,Long term verified disconnected
10006213,C,0,Long term verified disconnected
10063998,C,0,Long term verified disconnected
10006541,C,0,Long term verified disconnected
10065537,C,0,Long term verified disconnected
10066560,A,0,Long term verified disconnected
10053849,C,0,Long term verified disconnected
10004179,C,0,Long term verified disconnected
10052473,C,0,Long term verified disconnected
10075149,C,0,Long term verified disconnected
10030863,C,0,Long term verified disconnected
10030938,C,0,Long term verified disconnected
10030334,C,0,Long term verified disconnected
10030482,C,0,Long term verified disconnected
10073041,C,0,Long term verified disconnected
10065571,C,0,Long term verified disconnected
10004204,C,0,Long term verified disconnected
10030219,C,0,Long term verified disconnected
10030177,C,0,Long term verified disconnected
10066132,C,0,Long term verified disconnected
10001345,C,0,Long term verified disconnected
10077359,C,0,Long term verified disconnected
10064446,C,0,Long term verified disconnected
10035870,C,0,Long term verified disconnected
10029948,C,0,Long term verified disconnected
10032820,C,0,Long term verified disconnected
10005989,C,0,Long term verified disconnected
10029479,B,0,Long term verified disconnected
10029479,C,0,Long term verified disconnected
10065502,C,0,Long term verified disconnected
10004747,B,0,Long term verified disconnected
10004833,C,0,Long term verified disconnected
10006716,B,0,Long term verified disconnected
10004701,C,0,Long term verified disconnected
10065586,C,0,Long term verified disconnected
10004161,B,0,Long term verified disconnected
10004752,B,0,Long term verified disconnected
10004849,C,0,Long term verified disconnected
10006687,C,0,Long term verified disconnected
10004847,C,0,Long term verified disconnected
10004562,B,0,Long term verified disconnected
10001296,C,0,Long term verified disconnected
10030373,C,0,Long term verified disconnected
10006318,C,0,Long term verified disconnected
10030019,C,0,Long term verified disconnected
10030041,C,0,Long term verified disconnected
10030040,C,0,Long term verified disconnected
10029474,C,0,Long term verified disconnected
10004573,B,0,Long term verified disconnected
10004571,B,0,Long term verified disconnected
10004860,C,0,Long term verified disconnected
10005755,C,0,Long term verified disconnected
10029840,C,0,Long term verified disconnected
10029599,C,0,Long term verified disconnected
10029918,C,0,Long term verified disconnected
10032834,C,0,Long term verified disconnected
10032836,C,0,Long term verified disconnected
10032758,C,0,Long term verified disconnected
10029742,C,0,Long term verified disconnected
10032814,C,0,Long term verified disconnected
10029661,C,0,Long term verified disconnected
10032835,C,0,Long term verified disconnected
10029662,C,0,Long term verified disconnected
10030238,C,0,Long term verified disconnected
10032761,C,0,Long term verified disconnected
10030033,C,0,Long term verified disconnected
10029579,C,0,Long term verified disconnected
10065952,C,0,Long term verified disconnected
10062068,C,0,Long term verified disconnected
10030962,C,0,Long term verified disconnected
10030627,C,0,Long term verified disconnected
10032684,C,0,Long term verified disconnected
10030073,C,0,Long term verified disconnected
10029852,C,0,Long term verified disconnected
10032892,C,0,Long term verified disconnected
10052735,C,0,Long term verified disconnected
10053198,C,0,Long term verified disconnected
10052789,C,0,Long term verified disconnected
10053967,C,0,Long term verified disconnected
10030604,C,0,Long term verified disconnected
10053153,C,0,Long term verified disconnected
10052795,C,0,Long term verified disconnected
10065010,C,0,Long term verified disconnected
10064069,C,0,Long term verified disconnected
10005741,C,0,Long term verified disconnected
10004515,B,0,Long term verified disconnected
10003752,C,0,Long term verified disconnected
10004718,B,0,Long term verified disconnected
10065633,C,0,Long term verified disconnected
10006577,C,0,Long term verified disconnected
10006731,C,0,Long term verified disconnected
10005273,C,0,Long term verified disconnected
10005304,C,0,Long term verified disconnected
10006765,C,0,Long term verified disconnected
10030982,C,0,Long term verified disconnected
10005085,C,0,Long term verified disconnected
10030121,C,0,Long term verified disconnected
10035695,C,0,Long term verified disconnected
10069169,C,0,Long term verified disconnected
10030120,C,0,Long term verified disconnected
10030118,C,0,Long term verified disconnected
10030086,C,0,Long term verified disconnected
10030119,C,0,Long term verified disconnected
10066289,C,0,Long term verified disconnected
10030090,C,0,Long term verified disconnected
10030089,C,0,Long term verified disconnected
10032443,C,0,Long term verified disconnected
10030575,C,0,Long term verified disconnected
10035697,C,0,Long term verified disconnected
10029424,C,0,Long term verified disconnected
10029425,C,0,Long term verified disconnected
10053295,C,0,Long term verified disconnected
10065462,C,0,Long term verified disconnected
10066484,C,0,Long term verified disconnected
10004479,C,0,Long term verified disconnected
10066218,C,0,Long term verified disconnected
10004366,C,0,Long term verified disconnected
10004098,A,0,Long term verified disconnected
10004098,C,0,Long term verified disconnected
10071072,C,0,Long term verified disconnected
10029371,C,0,Long term verified disconnected
10053005,C,0,Long term verified disconnected
10006746,C,0,Long term verified disconnected
10070792,C,0,Long term verified disconnected
10066511,C,0,Long term verified disconnected
10005140,C,0,Long term verified disconnected
10032496,C,0,Long term verified disconnected
10032494,C,0,Long term verified disconnected
10032495,C,0,Long term verified disconnected
10029337,B,0,Long term verified disconnected
10029337,C,0,Long term verified disconnected
10029341,C,0,Long term verified disconnected
10001674,C,0,Long term verified disconnected
10001829,C,0,Long term verified disconnected
10003870,C,0,Long term verified disconnected
10030706,C,0,Long term verified disconnected
10003824,C,0,Long term verified disconnected
10003822,C,0,Long term verified disconnected
10001795,C,0,Long term verified disconnected
10003842,C,0,Long term verified disconnected
10001741,C,0,Long term verified disconnected
10064303,C,0,Long term verified disconnected
10001610,C,0,Long term verified disconnected
10001770,C,0,Long term verified disconnected
10001843,C,0,Long term verified disconnected
10001600,C,0,Long term verified disconnected
10001822,C,0,Long term verified disconnected
10030514,C,0,Long term verified disconnected
10006840,C,0,Long term verified disconnected
10004230,C,0,Long term verified disconnected
10075109,C,0,Long term verified disconnected
10066033,C,0,Long term verified disconnected
10006043,C,0,Long term verified disconnected
10021427,C,0,Long term verified disconnected
10005227,C,0,Long term verified disconnected
10032719,C,0,Long term verified disconnected
10021507,C,0,Long term verified disconnected
10006866,B,0,Long term verified disconnected
10006864,C,0,Long term verified disconnected
10005648,C,0,Long term verified disconnected
10005231,C,0,Long term verified disconnected
10021420,C,0,Long term verified disconnected
10005653,C,0,Long term verified disconnected
10035702,C,0,Long term verified disconnected
10005756,C,0,Long term verified disconnected
10029340,C,0,Long term verified disconnected
10030115,C,0,Long term verified disconnected
10030110,C,0,Long term verified disconnected
10030111,C,0,Long term verified disconnected
10030114,C,0,Long term verified disconnected
10030113,C,0,Long term verified disconnected
10032439,C,0,Long term verified disconnected
10030088,C,0,Long term verified disconnected
10032535,C,0,Long term verified disconnected
10035797,C,0,Long term verified disconnected
10005841,C,0,Long term verified disconnected
10004828,C,0,Long term verified disconnected
10066172,C,0,Long term verified disconnected
10006158,C,0,Long term verified disconnected
10006067,C,0,Long term verified disconnected
10004829,C,0,Long term verified disconnected
10064492,C,0,Long term verified disconnected
10006891,C,0,Long term verified disconnected
10005629,C,0,Long term verified disconnected
10067809,C,0,Long term verified disconnected
10029332,C,0,Long term verified disconnected
10032606,C,0,Long term verified disconnected
10032524,C,0,Long term verified disconnected
10021591,C,0,Long term verified disconnected
10032678,C,0,Long term verified disconnected
10030430,C,0,Long term verified disconnected
10030786,C,0,Long term verified disconnected
10030785,C,0,Long term verified disconnected
10035778,C,0,Long term verified disconnected
10032548,C,0,Long term verified disconnected
10035720,C,0,Long term verified disconnected
10035869,C,0,Long term verified disconnected
10001704,C,0,Long term verified disconnected
10001369,C,0,Long term verified disconnected
10063945,C,0,Long term verified disconnected
10065713,C,0,Long term verified disconnected
10062109,C,0,Long term verified disconnected
10030694,C,0,Long term verified disconnected
10030745,C,0,Long term verified disconnected
10030718,C,0,Long term verified disconnected
10030721,C,0,Long term verified disconnected
10030741,C,0,Long term verified disconnected
10030716,C,0,Long term verified disconnected
10029635,C,0,Long term verified disconnected
10029903,C,0,Long term verified disconnected
10029699,C,0,Long term verified disconnected
10029631,C,0,Long term verified disconnected
10032645,C,0,Long term verified disconnected
10032628,C,0,Long term verified disconnected
10032625,C,0,Long term verified disconnected
10032672,C,0,Long term verified disconnected
10032830,C,0,Long term verified disconnected
10032637,C,0,Long term verified disconnected
10030684,C,0,Long term verified disconnected
10065805,C,0,Long term verified disconnected
10035680,C,0,Long term verified disconnected
10032906,A,0,Long term verified disconnected
10065237,C,0,Long term verified disconnected
10066572,C,0,Long term verified disconnected
10065236,C,0,Long term verified disconnected
10066614,C,0,Long term verified disconnected
10066439,C,0,Long term verified disconnected
10029680,C,0,Long term verified disconnected
10067851,C,0,Long term verified disconnected
10029687,C,0,Long term verified disconnected
10035560,C,0,Long term verified disconnected
10030898,C,0,Long term verified disconnected
10032517,C,0,Long term verified disconnected
10003856,C,0,Long term verified disconnected
10032604,C,0,Long term verified disconnected
10003808,C,0,Long term verified disconnected
10066196,C,0,Long term verified disconnected
10065150,B,0,Long term verified disconnected
10065150,C,0,Long term verified disconnected
10065736,C,0,Long term verified disconnected
10070932,C,0,Long term verified disconnected
10069116,C,0,Long term verified disconnected
10064213,C,0,Long term verified disconnected
10063931,C,0,Long term verified disconnected
10064261,C,0,Long term verified disconnected
10004356,C,0,Long term verified disconnected
10064248,C,0,Long term verified disconnected
10032576,C,0,Long term verified disconnected
10034383,C,0,Long term verified disconnected
10005488,C,0,Long term verified disconnected
10021467,C,0,Long term verified disconnected
10063875,C,0,Long term verified disconnected
10021548,C,0,Long term verified disconnected
10005424,C,0,Long term verified disconnected
10006870,C,0,Long term verified disconnected
10005920,C,0,Long term verified disconnected
10006527,C,0,Long term verified disconnected
10021513,C,0,Long term verified disconnected
10029436,C,0,Long term verified disconnected
10021478,C,0,Long term verified disconnected
10006821,C,0,Long term verified disconnected
10005566,C,0,Long term verified disconnected
10035716,C,0,Long term verified disconnected
10006263,B,0,Long term verified disconnected
10004650,B,0,Long term verified disconnected
10004052,C,0,Long term verified disconnected
10066580,C,0,Long term verified disconnected
10004518,B,0,Long term verified disconnected
10006838,C,0,Long term verified disconnected
10006629,C,0,Long term verified disconnected
10004158,B,0,Long term verified disconnected
10004113,C,0,Long term verified disconnected
10068346,B,0,Long term verified disconnected
10068346,C,0,Long term verified disconnected
10067707,C,0,Long term verified disconnected
10004934,C,0,Long term verified disconnected
10004734,B,0,Long term verified disconnected
10004769,C,0,Long term verified disconnected
10004034,C,0,Long term verified disconnected
10006264,B,0,Long term verified disconnected
10004100,B,0,Long term verified disconnected
10006190,C,0,Long term verified disconnected
10004858,C,0,Long term verified disconnected
10004865,B,0,Long term verified disconnected
10070841,C,0,Long term verified disconnected
10006151,C,0,Long term verified disconnected
10004478,B,0,Long term verified disconnected
10004679,B,0,Long term verified disconnected
10004675,B,0,Long term verified disconnected
10006683,C,0,Long term verified disconnected
10006589,C,0,Long term verified disconnected
10073795,C,0,Long term verified disconnected
10004695,C,0,Long term verified disconnected
10004630,B,0,Long term verified disconnected
10004633,B,0,Long term verified disconnected
10004633,C,0,Long term verified disconnected
10006850,B,0,Long term verified disconnected
10004104,B,0,Long term verified disconnected
10001291,B,0,Long term verified disconnected
10004631,B,0,Long term verified disconnected
10004103,B,0,Long term verified disconnected
10004736,B,0,Long term verified disconnected
10004676,B,0,Long term verified disconnected
10004159,B,0,Long term verified disconnected
10004159,C,0,Long term verified disconnected
10004834,C,0,Long term verified disconnected
10004750,B,0,Long term verified disconnected
10021440,C,0,Long term verified disconnected
10004839,C,0,Long term verified disconnected
10003655,C,0,Long term verified disconnected
10004308,C,0,Long term verified disconnected
10021519,C,0,Long term verified disconnected
10021472,C,0,Long term verified disconnected
10006796,C,0,Long term verified disconnected
10006721,C,0,Long term verified disconnected
10073083,C,0,Long term verified disconnected
10004304,C,0,Long term verified disconnected
10004384,C,0,Long term verified disconnected
10004382,C,0,Long term verified disconnected
10006719,C,0,Long term verified disconnected
10004386,C,0,Long term verified disconnected
10003644,C,0,Long term verified disconnected
10006799,C,0,Long term verified disconnected
10005483,C,0,Long term verified disconnected
10003654,B,0,Long term verified disconnected
10006896,C,0,Long term verified disconnected
10034438,C,0,Long term verified disconnected
10005205,A,0,Long term verified disconnected
10005205,C,0,Long term verified disconnected
10021451,C,0,Long term verified disconnected
10021529,C,0,Long term verified disconnected
10021520,C,0,Long term verified disconnected
10053940,C,0,Long term verified disconnected
10053871,C,0,Long term verified disconnected
10063957,C,0,Long term verified disconnected
10053023,C,0,Long term verified disconnected
10066490,C,0,Long term verified disconnected
10005743,C,0,Long term verified disconnected
10030810,C,0,Long term verified disconnected
10035647,C,0,Long term verified disconnected
10030781,C,0,Long term verified disconnected
10030940,C,0,Long term verified disconnected
10030941,C,0,Long term verified disconnected
10030942,C,0,Long term verified disconnected
10030939,C,0,Long term verified disconnected
10030163,C,0,Long term verified disconnected
10030161,C,0,Long term verified disconnected
10030160,C,0,Long term verified disconnected
10030312,C,0,Long term verified disconnected
10030797,B,0,Long term verified disconnected
10065427,C,0,Long term verified disconnected
10065676,C,0,Long term verified disconnected
10065928,B,0,Long term verified disconnected
10004481,C,0,Long term verified disconnected
10005905,C,0,Long term verified disconnected
10004953,C,0,Long term verified disconnected
10004162,C,0,Long term verified disconnected
10029571,C,0,Long term verified disconnected
10004197,B,0,Long term verified disconnected
10069142,C,0,Long term verified disconnected
10004165,B,0,Long term verified disconnected
10004594,B,0,Long term verified disconnected
10004224,B,0,Long term verified disconnected
10003640,C,0,Long term verified disconnected
10006688,C,0,Long term verified disconnected
10004225,B,0,Long term verified disconnected
10006243,C,0,Long term verified disconnected
10006241,C,0,Long term verified disconnected
10006244,C,0,Long term verified disconnected
10004163,B,0,Long term verified disconnected
10006242,C,0,Long term verified disconnected
10006836,C,0,Long term verified disconnected
10004570,B,0,Long term verified disconnected
10006684,C,0,Long term verified disconnected
10066473,C,0,Long term verified disconnected
10004880,B,0,Long term verified disconnected
10004680,B,0,Long term verified disconnected
10004795,B,0,Long term verified disconnected
10004869,B,0,Long term verified disconnected
10066474,C,0,Long term verified disconnected
10004170,C,0,Long term verified disconnected
10004678,B,0,Long term verified disconnected
10029726,C,0,Long term verified disconnected
10004533,C,0,Long term verified disconnected
10004917,B,0,Long term verified disconnected
10004921,B,0,Long term verified disconnected
10004862,B,0,Long term verified disconnected
10004596,B,0,Long term verified disconnected
10004566,B,0,Long term verified disconnected
10004974,C,0,Long term verified disconnected
10004918,B,0,Long term verified disconnected
10032816,C,0,Long term verified disconnected
10032868,C,0,Long term verified disconnected
10032864,C,0,Long term verified disconnected
10032865,C,0,Long term verified disconnected
10030032,C,0,Long term verified disconnected
10030037,C,0,Long term verified disconnected
10032867,C,0,Long term verified disconnected
10029736,C,0,Long term verified disconnected
10029795,C,0,Long term verified disconnected
10029740,C,0,Long term verified disconnected
10029665,C,0,Long term verified disconnected
10029660,C,0,Long term verified disconnected
10052765,C,0,Long term verified disconnected
10066113,C,0,Long term verified disconnected
10005491,C,0,Long term verified disconnected
10064494,C,0,Long term verified disconnected
10064495,C,0,Long term verified disconnected
10063962,C,0,Long term verified disconnected
10068792,C,0,Long term verified disconnected
10053350,C,0,Long term verified disconnected
10005145,C,0,Long term verified disconnected
10030985,C,0,Long term verified disconnected
10035812,C,0,Long term verified disconnected
10030091,C,0,Long term verified disconnected
10005651,C,0,Long term verified disconnected
10062016,C,0,Long term verified disconnected
10053276,C,0,Long term verified disconnected
10063916,C,0,Long term verified disconnected
10004908,C,0,Long term verified disconnected
10053496,B,0,Long term verified disconnected
10029339,C,0,Long term verified disconnected
10062116,C,0,Long term verified disconnected
10035806,C,0,Long term verified disconnected
10001846,C,0,Long term verified disconnected
10003888,C,0,Long term verified disconnected
10071102,C,0,Long term verified disconnected
10034434,C,0,Long term verified disconnected
10075269,C,0,Long term verified disconnected
10032488,C,0,Long term verified disconnected
10006575,C,0,Long term verified disconnected
10021631,C,0,Long term verified disconnected
10004951,C,0,Long term verified disconnected
10032527,C,0,Long term verified disconnected
10030782,C,0,Long term verified disconnected
10032693,C,0,Long term verified disconnected
10035725,C,0,Long term verified disconnected
10032691,C,0,Long term verified disconnected
10030436,C,0,Long term verified disconnected
10062034,C,0,Long term verified disconnected
10032633,C,0,Long term verified disconnected
10004300,C,0,Long term verified disconnected
10065814,C,0,Long term verified disconnected
10075429,C,0,Long term verified disconnected
10004992,C,0,Long term verified disconnected
10004861,C,0,Long term verified disconnected
10004535,B,0,Long term verified disconnected
10006678,B,0,Long term verified disconnected
10004371,C,0,Long term verified disconnected
10005663,C,0,Long term verified disconnected
10053835,C,0,Long term verified disconnected
10004585,C,0,Long term verified disconnected
10004164,B,0,Long term verified disconnected
10004173,C,0,Long term verified disconnected
10004794,B,0,Long term verified disconnected
10004873,B,0,Long term verified disconnected
10066432,C,0,Long term verified disconnected
10004532,C,0,Long term verified disconnected
10029477,C,0,Long term verified disconnected
10029721,C,0,Long term verified disconnected
10052683,C,0,Long term verified disconnected
10075523,C,0,Long term verified disconnected
10064001,C,0,Long term verified disconnected
10004442,B,0,Long term verified disconnected
10004442,C,0,Long term verified disconnected
10006862,C,0,Long term verified disconnected
10006470,C,0,Long term verified disconnected
10003742,C,0,Long term verified disconnected
10003742,C,0,Long term verified disconnected
10053405,C,0,Long term verified disconnected
10065301,A,0,Long term verified disconnected
10065126,C,0,Long term verified disconnected
10065127,A,0,Long term verified disconnected
10065667,C,0,Long term verified disconnected
10066430,C,0,Long term verified disconnected
10005339,C,0,Long term verified disconnected
10030484,C,0,Long term verified disconnected
10004923,C,0,Long term verified disconnected
10029738,C,0,Long term verified disconnected
10004905,C,0,Long term verified disconnected
10005116,C,0,Long term verified disconnected
10004090,C,0,Long term verified disconnected
10006994,C,0,Long term verified disconnected
10070679,C,0,Long term verified disconnected
10021446,C,0,Long term verified disconnected
10006951,C,0,Long term verified disconnected
10006947,C,0,Long term verified disconnected
10075510,C,0,Long term verified disconnected
10075071,C,0,Long term verified disconnected
10029987,C,0,Long term verified disconnected
10029735,C,0,Long term verified disconnected
10006552,C,0,Long term verified disconnected
10006351,C,0,Long term verified disconnected
10030534,C,0,Long term verified disconnected
10003905,C,0,Long term verified disconnected
10052947,B,0,Long term verified disconnected
10062084,C,0,Long term verified disconnected
10066318,C,0,Long term verified disconnected
10077154,C,0,Long term verified disconnected
10077155,C,0,Long term verified disconnected
10077183,C,0,Long term verified disconnected
10077184,C,0,Long term verified disconnected
10077246,C,0,Long term verified disconnected
10077251,C,0,Long term verified disconnected
10077320,C,0,Long term verified disconnected
10062187,C,0,Long term verified disconnected
10053875,C,0,Long term verified disconnected
10070594,C,0,Long term verified disconnected
10029962,A,9,"09/02/2024 Elisha Neville Update: 
The lines here are very old and have UV damage and will need replacing. 
The connection is for an old cowshed that isnt being used anymore. 
The board is asbestos so no testing can occur and the phase that is floating doesnt feed anything. 
We were unable to contact the customer as he has recently passed away and unsure who the next of kin is and probably not great timing to tell them they need new service mains run
Revisit later in the year if required"
10062358,B,9,Faultman confirmed onsite (19/09/2023) customer only uses 1 phase and the other two phases are disconnected on the private pole. Customer does not want to reconnect
10062358,C,9,Faultman confirmed onsite (19/09/2023) customer only uses 1 phase and the other two phases are disconnected on the private pole. Customer does not want to reconnect
10062129,A,9,Faultman confirmed onsite (21/09/2023). 1 phase came off the star box. Customer not affected as its only a single phase pump.
10066089,B,9,05/02/2024 - Faultman confirmed that two fuses have blown  due to water damage to main switch. Faultman did not repair/replace fusing as the customer has shifted all their load to the 1 remaining phase and didnt want to increase the chance of a main switch fire. 
10066089,C,9,05/02/2024 - Faultman confirmed that two fuses have blown  due to water damage to main switch. Faultman did not repair/replace fusing as the customer has shifted all their load to the 1 remaining phase and didnt want to increase the chance of a main switch fire. 
10001674,A,9,load moved to another phase. Customer to get I touch when he is available.ICP supplies a bach
10005386,A,9,05/02/2024 - Faultman confirmed that the customer has a burnt jumper in the main entry. Customer has been made aware but only uses 2 phases ATM.
